[{"id": "6507515f-573f-4066-b603-efa04db4c657", "date": "2025-05-13", "category": "Food", "amount": 1000.0}, {"id": "361a082b-6d21-4e74-8137-0b5a9ad503f1", "date": "2025-05-08", "category": "Transport", "amount": 1000.0}, {"id": "39465375-01ab-4ba1-94a1-d769ed14d710", "date": "2025-05-08", "category": "Transport", "amount": 150.0}, {"id": "6167232d-ce56-472d-8936-3b4c730d5e64", "date": "2025-04-11", "category": "Others", "amount": 1500.0}, {"id": "fd17e044-88fb-4df6-acbc-de60873a3764", "date": "2025-05-12", "category": "Shopping", "amount": 5000.0}, {"id": "abc1739a-8043-431d-aeb0-e86b9d52fda9", "date": "2025-05-16", "category": "Food", "amount": 1000.0}, {"id": "04b4b68d-1a78-4bc2-98a4-62ab5018704a", "date": "2025-05-17", "category": "Food", "amount": 2009.0}, {"id": "bd586535-cf23-406a-b1c5-d4c29cfd2597", "date": "2025-05-17", "category": "Shopping", "amount": 10000.0}, {"id": "fd2b81cf-2fed-459e-8bd7-cda2eb76582a", "date": "2025-05-16", "category": "Others", "amount": 20000.0}]