[{"id": "c062bc8c-6e44-4c11-833d-4408c4729f8c", "date": "2025-04-30", "category": "Food", "amount": 100.0}, {"id": "50e5f87c-76ce-4b17-a52b-b567718dd10d", "date": "2025-04-29", "category": "Shopping", "amount": 1000.0}, {"id": "7de671f7-d8a3-4e0a-b8c7-66dfddf75b73", "date": "2025-04-29", "category": "Others", "amount": 500.0}, {"id": "764d130f-de94-49bb-9cdd-46bbc0ba7006", "date": "2025-04-28", "category": "Transport", "amount": 200.0}, {"id": "a6e249d5-a5c5-4ef7-9d99-506dbb7fb190", "date": "2025-04-28", "category": "Bills", "amount": 2000.0}, {"id": "fbf87e97-1c98-4c72-b56a-9460bdf423cd", "date": "2025-04-27", "category": "Food", "amount": 500.0}, {"id": "e358d2fc-4650-429c-8967-a432709cc2fd", "date": "2025-04-27", "category": "Transport", "amount": 100.0}, {"id": "673e020c-70f0-4a7b-bb9f-37cc1d39920b", "date": "2025-04-27", "category": "Bills", "amount": 1000.0}, {"id": "ac599199-2c32-4584-bd4a-2b8a9299b973", "date": "2025-05-01", "category": "Food", "amount": 100.0}, {"id": "0791f07e-491c-41be-9d47-f61d0d5c5c33", "date": "2025-05-01", "category": "Others", "amount": 500.0}]