[{"id": "acd9616b-e774-4836-b378-e72431700f89", "date": "2025-05-16", "category": "Food", "amount": 200.0}, {"id": "1d893a1e-5b49-4bbf-88e4-8961327506b0", "date": "2025-05-16", "category": "Transport", "amount": 40.0}, {"id": "bda7c884-f07a-42e2-b6fa-e8d9e1c66b40", "date": "2025-05-16", "category": "Bills", "amount": 100.0}, {"id": "74e081d4-6a97-4a4d-a71f-4e96e9b22380", "date": "2025-05-17", "category": "Transport", "amount": 30.0}, {"id": "0002e0d7-c0fc-4d8d-a1a5-736113fbd781", "date": "2025-05-15", "category": "Food", "amount": 300.0}, {"id": "b05d1773-9e96-4448-aed4-56bc5b8972a6", "date": "2025-05-19", "category": "Food", "amount": 0.0}, {"id": "98fcbcc7-5e09-473f-b1ba-59024a1d4f8f", "date": "2025-05-19", "category": "Food", "amount": 0.0}, {"id": "7290dad4-0931-4d43-a67c-f8ec1c091897", "date": "2025-05-19", "category": "Food", "amount": 20000.0}, {"id": "5bc007e5-769f-4d0c-8584-a059cfab008c", "date": "2025-05-18", "category": "Food", "amount": 45000.0}, {"id": "7b39f860-280d-4341-8f0f-a496255e1fbd", "date": "2025-05-20", "category": "Food", "amount": 100.0}]