[{"id": "5cb55579-07b5-40d9-9102-8485695f1107", "date": "2025-04-29", "category": "Food", "amount": 1000.0}, {"id": "59d2f1d9-be6e-409d-b2b6-0b4c3cd04ea4", "date": "2025-04-29", "category": "Transport", "amount": 200.0}, {"id": "cfcbd923-794b-4211-860f-b722c3729915", "date": "2025-04-28", "category": "Bills", "amount": 2000.0}, {"id": "65cffb3c-e839-4eac-aebc-82b430fc69ad", "date": "2025-04-28", "category": "Others", "amount": 100.0}, {"id": "88cd57aa-0da4-44bc-b565-11d8293d4b31", "date": "2025-04-27", "category": "Food", "amount": 100.0}]